,S.No,USERNAME,Caption,Followers,Hashtags,Time since posted,Likes
0,1,mikequindazzi,Who are #DataScientist and what do they do? >> @MikeQuindazzi >> #MachineLearning #AI #DataAnalytics #DataScienc #DataLake >> https://buff.ly/2kYmF0s,1600,#MachineLearning #AI #DataAnalytics #DataScienc #DataLake,11 hours,139
1,2,drgorillapaints,We all know where itâ€™s going. We just have to #workresponsibly to postpone the date. This actually made into a business slide #deck .#mac #macintosh#sayhello #apple #stevejobs #ai #evolution#artificialintelligence #machinelearning#terminator #illbeback #technology#computerevolution #computerscience#sciencefiction#computersciencetosciencefiction#tomorrowstechnology #vr #ar #robot#robots #t2 #businessdeck #businessslides#illustration #sketches #drawing,880, #deck .#mac #macintosh#sayhello #apple #stevejobs #ai #evolution#artificialintelligence #machinelearning#terminator #illbeback #technology#computerevolution #computerscience#sciencefiction#computersciencetosciencefiction#tomorrowstechnology #vr #ar #robot#robots #t2 #businessdeck #businessslides#illustration #sketches #drawing,2 hours,23
2,3,aitrading_official,"Alexander Barinov: 4 years as CFO in multinationals, over 10 years of experience as financial advisory in Deloitte & EY, 6 of them as a partner. Focused on strategic management, finance, legal, and compliance. Worked for the global corporations including publicly traded companies. 5 years experience in trading at NYSE and LSE exchanges. #whoiswho #aitrading #ai #aitradingteam#instateam #instapeople #ai #trading#artificialintelligence #crypto#cryptocurrency #blockchain #tradingforex#forex #fiatmoney #coins #machinelearning#userexperience #instamachinelearning#instabigdata #instamarketing#artificialintelligence #deeplearning#datascience #industry #marketing#bigdata #datascience #machinelearning#ml",255,#whoiswho #aitrading #ai #aitradingteam#instateam #instapeople #ai #trading#artificialintelligence #crypto#cryptocurrency #blockchain #tradingforex#forex #fiatmoney #coins #machinelearning#userexperience #instamachinelearning#instabigdata #instamarketing#artificialintelligence #deeplearning#datascience #industry #marketing#bigdata #datascience #machinelearning#ml,2 hours,25
3,4,opensourcedworkplace,sfad,340,#iot #cre#workplace #CDO #bigdata #technology#tech #work #computerscience #blockchain#softwaredeveloper #machinelearning#smartcity #artificialintelligence#futureofwork #opensource #cybersecurity#ai #softwareengineer #engineering#smartcities #developer #autonomous#singularity #webdeveloper#cryptocurrency #programmers #crypto#iiot #robot,3 hours,49
4,5,crea.vision,"Ever missed a call while your phone was charging? Our system can notify you about the incoming call and offer to take it hands free. Youâ€™ll be able to walk around the house and carry on your conversation without carrying the phone with you. Listen to music, stream, or watch TV in a seamless flow from one room to another.",304,#instamachinelearning #instabigdata#instamarketing #artificialintelligence#industry #deeplearning #datascience#marketing #machinelearning #bigdata#artificialintelligence #instadaily #tech#software #softwareengineer #technology#crea.vision #techy #artificial #artificiale#ipictureoftheday #marketingdigital #digital#live #better #enjoy,3 hours,30
5,6,be.masterly,"Cyber attacks are more frequent every day and they can affect businesses of all sizes from all around the world. In the #bemasterly course, youâ€™ll learn first-hand how to plan ahead and prevent potential attacks, how to detect an attack and importantly how to respond from a legal, public, internal and technical perspective https://buff.ly/2EeE0JS",1231,#edtech #learning#educationtechnology #tech #learnnewskills #onlinelearning #teach #study #lifelonglearning #bigdata #chatbot #digitalliteracy #entrepreneurship #entrepreneur #startup #startupaus #studying #entrepreneur #machinelearning #coach #tech#techstartup #blockchain #videocourse #analytics,3 hours,18
6,7,lenovoworkstations,Check it out â€“ weâ€™re walking across the ğŸŒâ€™s first #3DPrintedbridge w/ smart sensors for real-time data in #VR with #ThinkRevolutionist@MX3DBridge #NXTBLDâ€¨.,259,.#Techâ€¨#virtualrealityâ€¨#IoTâ€¨#Machinelearning,3 hours,35
7,8,kirellb,"Here's a network I made that depicts the scientific collaboration at #EPFL. Based on Infoscience, the online archive of publications on the campus, authors are connected if they have co-published a paper.",1433,#datascientist #creativetechnology#design #artwork #dataartwork #dataart#innovation #tech #startup#machinelearning #deeplearning #IA #data#bigdata #modernart #contemporaryart#painting #datascience,4 hours,86
8,9,ethicsandai,"Having a great week at @ldntechweek exploring what's new in the world of technology and listening to what the speakers have to say. It's so great, (and interesting!), to see so many people with a passion and common insterest gather on one place to discuss our world's future, and how technology will play it's part. @techxlr8",13,#LTW #London #TechXLR8 #Technology#AI #ArtificialIntelligence #MachineLearning#Data #Future #Ethics #HumanRights#WomenInTech #WomenInSTEM #OurWorld#LondonTechWeek #EthicalTech#EthicsAndAI,4 hours,22
9,10,diworksolucionesdeti,The Internet of Things : A Very Short Story [#Infographic] #Wearable #Sensors #MachineLearning#IoT #BigData #DigitalTransformation#futureofwork #marketing #analytics#bigdata #Cloud #Blogging#ContentMarketing #DigitalMarketing ht: #BigData #MachineLearning #AI #IoT#infograp,450,[#Infographic] #Wearable #Sensors #MachineLearning#IoT #BigData #DigitalTransformation#futureofwork #marketing #analytics#bigdata #Cloud #Blogging#ContentMarketing #DigitalMarketing ht: #BigData #MachineLearning #AI #IoT#infograp,7 hours,18
10,11,databowl,Today we are featured in The Future CMO Magazine in @thetimes@raconteur_london Go get a copy! Read more here: https://www.raconteur.net/sponsored/how-to-use-machine-learning-the-right-way-tool-for-a-new-marketing-paradigm ,149,#artificialintelligence #futurism#machinelearning #marketing#b2cmarketing #thetimes #thedrum#hubspot #leadgeneration,7 hours,31
11,13,edwisor_india,The IT industry is rapidly booming. Is your career booming along with it? Learn the right technologies to be a part of this fast-growing industry. Start free trial towards your dream career here: https://goo.gl/V92v5M,2232,#WedenesdayWisdom #IndustryInsights#GetSkilledGetHired #reskill #careergoals#DataScience #MachineLearning#MeanStack #WebDevelopment#careergrowth #technology #futuretrends#software #startup #GetSkilled #GetHired#edWisor #DreamJob,8 hours,48
12,14,ubiqum,Just an average day for a programmer ğŸ˜– #workthroughit .,1061,#webdevelopment #coding #programming#codinglife #code #100daysofcode #java#programmerhumor #javascript #html#cursosbarcelona #berlin #css#datascience #stem #workgoals#officegoals #learning #machinelearning#getitdone #anotherday #instagood#dataanalysis #education #motivation#barcelona #careers #careeradvice,9 hours,80
13,15,artificialintelligence.a.i,Tag him who promised to help you but he doesn't ğŸ˜’.ğŸ˜‚,533,#artificialintelligence #ai#machinelearning#deeplearning #algorithm #algorithms #cs#ml #blockchain #sopia#robots #project#aiproject#tag#it#boats#artificialintelligenceai #github #data #python #R #coding#programming #coder #programmer,11 hours,94
14,18,ansonmccade,Do you really need #blockchain?,2904,#blockchaintechnology #blockchains #tech#technology #IoT #InternetOfThings#Bitcoin #business #businessintelligence#BI #AI #ArtificialIntelligence #ML#MachineLearning #infographic #DL#DeepLearning #data #bigdata#datascience,3 hours,28
15,20,jennifercodes,I went to DevFest in DC and had so much fun. Heard some great talks and had fun at happy hour watching the robot derby,971,#google #Android#machinelearning #womenwhocode#devfestdc #gdg,3 hours,53
16,21,eligible.api,"GG, you always have the best T-shirts! ğŸ”¥â„ï¸ğŸ’‰ #codeblooded",285,#Eligible #EligibleAPI #HealthCare#HealthCareTech #HealthIT #engineering#Programming #Code #Software #API#HIPAA #AI #MachineLearning#DeepLearning #Tech #StartupLife#DataScience #security #Compliance,4 hours,29
17,22,ale_borba,Let's talk about ML Kit for our Google Play Partners in Mexico!,520,#MxPartnerDay #MLKit #machinelearning#android #google #googleplay,4 hours,46
18,23,amjstaffing,Shout out to #LinkedIn for the awesome lunch-n-learn yesterday and hooking us up with all the @linkedin swag ğŸ‘•ğŸ˜ .,75,#engineer #machinelearning #automotive#automation #machinery #engineering#engineers #wbe #careers #jobs#technology #robotics #robots #cnc #ai#machines #manufacturing #wcw#puremichigan #staffing,4 hours,30
19,24,writtorg,"""It is this perfect accuracy, this lack of play, of variety, that makes the machine-made article so lifeless.""",2691,#newread #whattoread #summerreads#nowreading #readingislife #bookworm#booknerds #writt #writtorg #wellread#bookreco #bookrecommendations#whatareyoureading #igbooks #igreads#bookclub #bookalicious #classicliterature#classicbooks #bestquotes #quotes#goodreads #bookaddict #bookoftheday#quoteoftheday #machinelearning#machines #creativity #art,4 hours,34
20,26,superdatascience,Live Population in Manhattan (hour-by-hour). Gif credit: @citrusvanilla .,966, #datascience #data #tech #technology#future #machinelearning #ai#visualizations #dataisbeautiful,5 hours,198
21,25,xotivtechnologies,The Various Aspects of Artificial Intelligence we should keep in mind. #Artificial #Intelligence is the new era for technologies to grow our business and provide powerful services.,334,#Artificial #Intelligence #AI #MachineLearning #DeepLearning #Robotics #BigData #Dataviz #Analytics #SMM #IoT #Sensors #Xotiv #NLP #datascience #graph #graphanalysis #visualisation #image #analytics #imageanalytics #coder #software #business #Development,2 hours,19
22,26,onthetopsearch,"â€œNo one buys things from Facebook.â€ â€œInstagram is a fad.â€ â€œSnapchat will soon be gone.â€ We didnâ€™t buy into what traditional marketing agencies said and our clients have reaped the benefits. Now, traditional marketers are scrambling to learn what we have been doing for years.At On The Top Search, we donâ€™t quit. Ever. We will go to exhaustive measures to ensure your experience with us has a positive ROI. If not, drop us.",1041,#digitalmarketing #machinelearning#entrepreneurship #businessminded#fourthofjuly,2 hours,20
23,27,mikequindazzi,8.5 billion more #smartphones by 2021 will help democratize #AI around the world >> @Qualcomm via @MikeQuindazzi >> #DeepLearning #MachineLearning#ArtificialIntelligence #IoT #BigData#HealthTech #IIoT #Mobile #Infographics >> http://buff.ly/2xcWSLb,4496,#DeepLearning #MachineLearning#ArtificialIntelligence #IoT #BigData#HealthTech #IIoT #Mobile #Infographics #smartphones #AI,2 hours,11
24,28,data_enthusiast,"Interesting, most of them prefer that because all need high accuracy. Its also implemented in real life problem. It's joke but useful. I believe it most understandable by data science enthusiast. ",166,#data_enthusiast #dataanalytics#datascientist #datascience #algorithm#deeplearning #machinelearning #ai#traditional #learning #neuralnetworks#aspiringdatascientist #followyourownpath,2 hours,10
25,29,programmer.io,"Keep trying different things and that's what I'm doing today too, trying my hands on raspberry pi. I'm completely new to electronics, haven't played with hardware before, hope this new experience goes well. .This is a simple hello world circuit which allows us to blink a LED and the script to do so is written in python language.Question: Please suggest some resources from where I could learn about electronics and hardware. Answer down in comments section.",1211,#development #react #vue #angular#software #javascript #html5 #nodejs#wordpress #teamtreehouse #worldcode#freecodecamp #css #hustle#eduacteyourself #machinelearning#codeuniverse #codegang #selftaught#365daysofcode #100daysofcode#curryandcode #webdev #codelife#webapp,2 hours,46
26,30,coding.is.life,#Repost @wesabio Sometimes the truth hurts |,265,#Repost #Javascript #ReactJS #Ruby #GDPR #Graduation #Mobile#VueJS #JQuery #Developers #Programmers #JS #Gift #Dev #ArtificialIntelligence #MachineLearning #Linux#Humour #Humor #Fintech #API #Sysadmin #ML #WomenInTech #Ubuntu #Security#IIOT #Hackers #TechHumor,2 hours,25
0,5,theminest_,Instructions unclear... ğŸ¤”. Started building two speakers and ended up with two mining rigs ğŸ¤¦â€â™‚ï¸,1618,#theminest #miningrig #gpumining#bitcoinmining #bitcoin #bitcoinmemes#cryptolife #cryptomemes #cryptomining#ethereum #litecoin #cryptonews #altcoins#hodl #hodlgang #investinyourself#blockchain #crypto #miningfarm#ethereummining #litecoinmining#bitcointrading #bitcoinexchange #bitcoins#coinbase,20 hours,148
1,7,philosophercoin,Check my profile to find out about more fundamental changes digital currencies are trying to impose on modern world economy.,279,#Bitcoin #Cryptocurrency#Ethereum #stockmarket #currencytrading#digitalmarketing #litecoin #Currency #ico#token #mining #BitcoinExchange#Blockchain #money #community #crypto#CryptoExchange #fiat #forex #altcoin#stocks #profit  #investor #investment#trader#forextrader #nyse #broker #forexnews#forexanalysis,4 hours,43
2,9,philosophercoin,Isn't it funny to think that Bitcoin uses Artificial Scarcity to tackle inflation? - Follow me for more.,279,#Bitcoin #Cryptocurrency#Ethereum #stockmarket #currencytrading#digitalmarketing #litecoin #Currency #ico#token #mining #BitcoinExchange#Blockchain #money #community #crypto#CryptoExchange #fiat #forex #altcoin#stocks #profit  #investor #investment#trader#forextrader #nyse #broker #forexnews#forexanalysis,2 hours,37
3,11,greenhousegroup,"Onze Angela en Niek hosten vandaag NextM, hÃ©t innovatieve marketingfestival van Nederland!",828,#nextmnl#groupm #greenhousegroup #eindhoven#effenaar #Innovation #marketingfestival#artificialintelligence #voice#conversationalmarketing #blockchain,2 hours,90
4,12,neondistrictrpg,"Character feature - The Architect - who wants to #cosplay this guy!? ğŸ™‹ğŸ»â€â™€ï¸ Concept art for a high-level, tank-y character class.",12,#cosplay#gamerguy #conceptart #cryptocurrency#handdrawn #digitalart #rpg #pcgamer#comingsoon #videogames #cryptogame#cyberpunk #armor #scifi #dystopia#games #blockchain #instagamer#neondistrict #degen #themainspring,2 hours,19
5,14,blocsidesports,#WorldCup is here and BlocSide is bringing back our favorite game just for football #fans around the world! #linkinbio . Play new rounds EVERYDAY and win #mvp#tokens!,894,#sports #football #footy #footballfans#footballplayer #soccer #soccerfans#soccerlife #fifa #fifa18 #fifaworldcup#blockchain #spottheball #gametime#fifagame #playtowin #play #eyeontheprize#tech #technology,2 hours,14
6,15,cryptocrackhead,"I officially spent the last of my tethers and available liquidity. All one can do now is be patient and remember why you bought Crypto in the first place. Mass adaption and bull run will follow shortly. Stay focused and blessed my fellow Cryptocrackhead's! Will be opening up our Telegram Group to the public soon, so stay tuned... the main event hasn't even begun yet. ğŸ˜œğŸš€ğŸ’°",610,#cryptocrackhead#blockchain#cryptocurrency #crypto #decentralise#bitcoin #ethereum #ripple #dash#bitcoincash #monero #eos #cardano #tron#fiat #millionaire #trading #altcoins #money#future #biitcoinaire #gains #funny#currency #coinbase #freedom #binance#virtual #ai #coins,2 hours,30
7,17,gsmusicgroupllc,gsmusicgroupllc#Repost @savageland32with @get_repost #SkrappdaGawd New Music on ALL Platforms,226,#youtube #applemusic #itunes#soundcloud #spinrilla #spotify #bigdata#blockchain #dontbandwagonlater,2 hours,273
8,20,iotatokennews,"Bartosz Kusmierz, Research Scientist at #IOTA Foundation,spoke at the #WrocÅ‚aw #Blockchain Meetup yesterday about IOTA!",1168,#IOTA #Wroclaw #Blockchain,2 hours,13
9,21,bitpainting,"At 12 Noon EST today, BitPainting will be releasing a new work of rare #blockchain art! From Picasso to Van Gogh, build your iconic art collection on the #ethereum network!",835,#blockchain #ethereum,2 hours,93
10,22,_linda_smith567,Hello ......You could see the excitement in her face .....one of my client who just cash out and still willing to invest more.Dm me for your trading help,124,#Ğ»ÑĞ±Ğ¾Ğ²ÑŒ #gm #sme #smenigeria #profits#businessowners #businessplan#entrepreneurship #entrepreneur#blockchain #crypto #cointelegraph#bitcoinprice #mining #cryptocurrencies#bch #bitcoins #litecoin #investment#investor #stockmarket #stocks #getrich#makemoney #makemoneyonline#mentorship #mentoring #xrp #bitfinex#altcoins,2 hours,24
11,23,litebit.eu,"As a safety measure for your account, we ask you to enable 2FA security before any withdrawal or sell can be made. Note: withdrawals and sell orders can only be made 24 hours after setting up 2FA. For questions please contact our support channels ğŸ‘¨â€ğŸ”§ #LiteBit",193,#bitcoin #litecoin #blockchain#cryptocurrency #ripple #coins #tech#litebiteu #ethereum #reddcoin #verge #Litebit,2 hours,18
0,5,mikequindazzi,1 in 3 #Smartphones will ship w/ #MachineLearning and #ArtificialIntelligence at the chipset level by 2020 >> @MikeQuindazzi >> #IoT #AI 2018 Report >> https://buff.ly/2HV0VAQ,1600,#MachineLearning #artificialintelligence#AI #IoT,14 hours,136
1,6,meganbloemsma,"Together with my colleague Valery we introduced potential partners to #Azure @spacesworks #zuidas. It's great to see there's such an interest in Data & AI, and a lot of fun to come up with new ways to apply it with these companies. ğŸ¤“",258,#techtaster #datagirl#womanintech #technicalevangelist#technicalevangelism #datascientist#datascience #datagirl #ai#artificialintelligence #advancedanalytics#cognitiveservices #faceAPI #demo#everydaytechday #womeninmicrosoft#womenintech  #luis #azureML#cognitiveservices #datainsights#microsoftpartner,2 hours,24
2,10,ricmiqads,One rare and remarkable approach in the overheated #ai market by @ibm ,105,#ai #artificialintelligence,2 hours,8
3,11,hollympeck,Still on set. ğŸ™ƒ Can't tell you what it's for!,273,#artificialintelligence,2 hours,41
4,12,artificial_quotes,Well... Allright then? Do you agree?ğŸ˜‚ğŸ˜‚,914,#quote #quotes #quoteoftheday#quoteoftheday #quotesoftheday#quoted #quotedaily #quotegram#quotesdaily #quoteslife #quotetoday#quotesofinstagram #quotefortheday#quotesforyou #artificial#artificialintelligence #meme #memes#funnymeme #funnymemes #memesdaily#inspiring #funnyquote #funnyquotes#funnypost #funnypic #ridiculous #wtfisthis,2 hours,81
5,13,interwall,CEBIT 2018: Europas Business-Festival fÃ¼r Innovation und Digitalisierung,118,#cebit18 #cebit #hannover #cebit2018#ceyouinabit #messehannover#hannovermesse #artificialintelligence#kÃ¼nstlicheintelligenz #informatik,2 hours,16
6,14,entrancegmbh,Greetings from #CEBIT2018#Pepper is getting ready for #afterwork#party #festival #tradefair maybe we get on #stage with #digitalism,122,#hannover #cebit#digitalisierung #entrancegmbh #wuppertal#startup #iot #AI #artificialintelligence,2 hours,31
7,15,usccareercenter,Today weâ€™re hosting Career Services and Academic advising professionals from across @uscedu campus and international offices. Todayâ€™s topic is on â€œIn the Age of Artificial Intelligence: the Next Generation of Career Services.â€,1180, #AI #machinelearning #artificialintelligence #careerservices #studentlearning,2 hours,24
8,16,_ehab.othman_,"""If you can imagine it, you can create it & if you dream it, you can become it "" ~ ğŸ€ğŸ–¤. Try out nodemon for running #pythonscripts automatically on changes instead of manually restarting everytime ... rock solid ğŸ¤–â˜•ğŸ‘Œ",3139,#worldcode #coding#python #codeaholics #rstudio #codinglife#worldofprogrammers #datascience#machinelearning #dataviz #data #statistics#macbookpro #peoplewhocode#codeismylife #datavisualization#artificialintelligence #digitalnomads#digitalnomad #travel,3 hours,51
9,17,anki7singh,asdsads,3725,#IoT #CyberSecurity #BigData#infosec #DigitalTransformation #AI#Security #Healthcare #mobile #Analytics#tech #innovation #TechNews #Defstar5#artificialintelligence #Infographics#BigData #CIO #blockchain #chatbots#startups #robots #robotics #startup #ml#machinelearning #artificialintelligence,3 hours,43
10,18,mbnsolutions,"@pedrodoc82 and @michaely76 from MBN are working in London today. Great to be talking Data Science, Analytics, Technology with our clients. If you are looking for a new job, register with us - www.mbnsolutions.com/jobs",935,#machinelearning #artificialintelligence#blockchain #data #datascience #analytics#technology #london  #hiring,4 hours,20
11,19,triatebr,Imagine having access to the data of the air we breathe?,1766,#blockchain #tech #startups #projetos#linux #ethereum #programmer#InternetdasCoisas #smartcontract#internetofthings #technology #disruption#mobile #nodemcu #hyperledger #chain#programming #smartcontracts#hyperledgerfabric #artificialintelligence#iot #fintech #industry40 #cloud#mobilelegends #drones#personaldevelopment #healthy,4 hours,25
12,20,orcan_intel,Global warming visualised.,2277,#data #bigdata #datavisualization#datascience #artificialintelligence,4 hours,157
13,21,opensourcedworkplace,,348,#HR #workplace#officedesign #iot #bigdata #office#facilitymanagement #technology#realestate #tech #work #futureofwork#computerscience #officespace #facility#smartcity #artificialintelligence#opensource #softwareengineer#workplacedesign #smartcities#autonomous #singularity #iiot #CEO#csuite #employeeengagement#employeeexperience #CHRO#businessowner,4 hours,17
14,22,funnelaico,Lead with the #AI advantage.,87,#AI #machinelearning #auto#realtors #tech#fitness #socialselling#artificialintelligence#local #sanantonio#realestate #socialmedia#business #sa#generator #car #innovation#cardealers#entrepreneurs #COO #app#sales #ML,4 hours,24
15,23,iamalexleyva,Artistes & Robots ğŸ¤–âš¡ï¸,2785,#digitalart #artedigital #paris #technology#data #visualart #exhibition #multimedia#tecnologia #lighting #visualcontent#lavillete #interactive #science #creativity#creatividad #grandpalais#artistesandrobots #artificialintelligence#inteligenciaartificial #ai #robots #robotics#machine #orlan #ryojiikeda #immersive#electronicarts #perception #hybrid,7 hours,65
16,24,astrokpj,"Was invited to speak at the annual Machine Learning conference on the role of Artificial Intelligence in big physics experiments such as LIGO. Much potential for astrophysics to collaborate with Tech giants Google, IBM and other large experiments at CERN.",3448,#artificialintelligence #machinelearning#bigdata #supercomputer #science#astrophysics #astronomy #einstein#relativity #theoryofrelativity #georgiatech#computerscience #blackhole #universe#cosmos,24 hours,349
17,25,big.data.hush,"Recently, computer scientists have been working on teaching machines to do a wider range of tasks around the house. In a new paper spearheaded by MIT's Computer Science and Artificial Intelligence Laboratory (CSAIL) and the University of Toronto, researchers demonstrate ""VirtualHome,"" a system that can simulate detailed household tasks and then have artificial ""agents"" execute them, opening up the possibility of one day teaching robots to do such tasks.",530,#bitcoin #ethereum #BTC#fun #Profit #success #business#motivation #rich #economy#cryptocurrency #news #fact #news#quotes #quote #Google #robot #laugh#ArtificialIntelligence #MachineLearning#DeepLearning #AI #Technology #Robotics#News #Facts #Fact #Startup #Joke,2 hours,17
18,26,iamjunkbot,Reuse trash to create robots!Junkbot Robotic kit enables both kids and adults to build and create robots from junk materials!See link in our bio for more info!,3147,#junkbot #edukit #superbots #robotickits#arduino #parents #education#tipsforparents #kids #learn #recycle #code#design #innovate #invent #steameducation#technology #uae #dubai #robotics#buildyourownrobot #diyrobot#trashtotreasure #diy #artificialintelligence#robotfromjunk #stem,2 hours,10
19,27,ivarski,Morning swim before the sun is up ğŸ‡®ğŸ‡¹â˜€ï¸,918, #livinginitaly #tuscanyitaly#summerinitalyğŸ‡®ğŸ‡¹ #startup #startuplife#artificialintelligence #algorithm#voicebiometrics #myvoiceai,2 hours,21
20,28,mikequindazzi,8.5 billion more #smartphones by 2021 will help democratize #AI around the world >> @Qualcomm via @MikeQuindazzi >> ,4496,#DeepLearning #MachineLearning#ArtificialIntelligence #IoT #BigData#HealthTech #IIoT #Mobile #Infographics #smartphones #AI,2 hours,11
21,29,roland.busch,Very impressed by the ingenuity of our PhD students. Great to meet you at @Siemens Young Researcher Forum in Nuremberg! You really drive ,145,#Innovation in #Connectivity #EdgeDevices#EnergyStorage #EnergyDistribution #DataAnalytics #ArtificialIntelligence,2 hours,16
22,30,oboteo.ai,Every business has data. Are you getting the most you can from yours? Find out how we can help visit OBOTEO.com and ask about our Data Consultancy service Bringing #AI to #DUBAI,11,#AI #DUBAI #artificialintelligence #neuralnetworks #datascience #bots #machinelearning #naturallanguageprocessing #dubai,3 hours,10
0,7,cris.nemeth,All black & shiny âœ¨âœ¨ ,577,#allblackeverything #applewatch#applewatchseries3 #38mm #swarovski#pandora #weekendvibes #style #fashion#tech #startup,2 hours,27
1,11,interplayofficial,"On the auspicious occasion of Eid, Interplay would like to wish you abundance, happiness, and lots of blessings.",66,#Interplay #EidMubarak #EidulFitr #Eid#Eidblessings #EidBliss#EidSaeed #Eid2018#DigitalMarketingAgency #SocialMedia#digitalmarketing #onlinemarketing#startup #creativeagency #growdigitally,3 hours,16
2,12,alpha_mentor_,"Double TAP if you support this message & TAG who would love to motivate, empower and inspire! Follow ğŸ‘‰ @alpha_mentor_  ğŸ’¡ Turn On Post Notifications To See New Posts. ğŸ’¡ Share With Friends & Family",89,#mentoring #enterprenuership #grind#hustle #learn #education #startup#dreamwork #successquotes #build#empire #startuplife #businessowners#ambition #dreams #goals #lifegoals#goforit #nevergiveup #sucessmindset#businesswoman #businessman#businesslife #enterpreneurlifestyle#goodlife #motivated #enterpreneurmindset#millionairemindset,2 hours,19
3,14,magnodc,AcciÃ³n es la mejor arma ğŸŒğŸ°,2014,#moneymaker #startup #entrepreneurlife#entrepreneurs #entrepreneurlifestyle#entrepreneurship #onlinemarketing#motivational #millionairemindset#successful #millionairelifestyle#businesswoman #inspiredaily#businessman #founder #businessowner#youngentrepreneur #startuplife  #igersperu#discoverperu #sudamerica #ig_peru_#experienceperu #exploreperu  #focalmarked #motivation #tbt #followme,2 hours,29
4,16,thebeautymindset,Im limited edition ğŸ’ -------------------------------ğŸ“£ Donr forget to TURN ON notification ----,151,thebeautymindset#businessman#quoteoftheday #businessowner#businesswoman #success #grind#motivation #motivational #lifestyle#happiness #entrepreneurs#entrepreneurlife #business #working #founder#startup #money #magazine #moneymaker#startuplife #successful #passion #inspiredaily#hardwork #hardworkpaysoff #desire,2 hours,31
5,17,remi_ole,,2175,#entrepreneur #entrepreneurial#entrepreneurmindset #fametags#entrepreneurship #entrepreneurslife#entrepreneurs #entrepreneurquotes#entrepreneurlifestyle #business#businessowner #ceo #boss #top #high#rich #success #hustle #luxury #millionaire#billionaire #lifegoals #motivational #goals#grind #ambition #startup #mindset#achive #hardwork,2 hours,41
6,18,shine_my_idol,Life is all about the next stepğŸ’,371,#Entrepreneur#Business#Entrepreneurship#WontStop#Mindset#Success#Hustle#Freedom#BusinessOwner#OnlineBusiness#Coaching#Ambition#Inspire#ThinkBig#Startup#HardWork#Businessman#BeYourOwnBoss#SmallBusiness#Believe#Motivate#Mentor or #mentoring#Givingback#InternetBusiness#Successe,2 hours,19
7,19,greg_turner44,"Join the international community of forex trading and change your financial situation with knowledge on binary and forex trading Grow your investment and smile tomorrow. With such an investment of $500 your guaranteed of making $4835 back as profit in a time frame of 14 days. This is no scam or joke, totally legitimate. DM me now for more info on my trading platform.",1003,#forex #rich #wealth #millionaire #invest#wallstreet #business #entrepreneurs#startup #startups #startuplife #technology#tech #digital #computer #gadget #gadgets#geek #geeks #media #newslol #books#reading #read #entrepreneurship#businessman #reader #marketingdigital#goodreads #seo,2 hours,40
8,23,siansocial,Have a great weekend all! ğŸ’œğŸ’œğŸ’œ,1200,#weekend #chill #chilling #Summer#founder #startup #smallbusiness #smallbiz#contentmarketing #consulting,2 hours,21
9,24,meaningful_quotee,Do u agree??,383,#businesspassion#business #toptags #entrepreneurship#grind #hustle #learn #education #startup#success #successquotes #build#startuplife #businessowners #ambition#dream #goals #lifegoals #goforit#nevergiveup #successmindset#businessman #businesswoman#businesslife #entrepreneurlifestyle#goodlife #entrepreneur #motivated#businessowners #motivation,2 hours,50
10,25,kamalalshehabi,,955,#qoute #success#motivation #entrepreneur #inspiration#startup #follow #read,2 hours,20
0,5,bitcoinebook,"Hi #cryptomaniac friend, this is an advice for you! Do you think different? Do you want an example? Explore our BIO ğŸ‡¬ğŸ‡§ ğŸ‡®ğŸ‡¹ Follow me and I returnğŸ˜",2372,#bitcoinsuperstar #tonylocorriere#blockchain #hodl #hold #market #crypto#now #wallet #product,2 hours,10
1,6,iamjaradwright,Go get yours now! .,740,#product #moderndesign #concept#designing #designs #interiorarchitecture#designers #prototype #instadesign#menswear #ootdmen #lookoftheday#snobshots #streetwear #urbanfashion#fashiondiaries #menwithstreetstyle#menstyle #fashionkiller #fashiongram#weloveatl #whyiloveatl #discoveratl#atlantacollective #igersatlanta#atlantasnaps #dji #djimavic #dronestagram#drones,2 hours,35
2,7,rare.planet,Our most selling hand painted kettle!! Order this beautiful kettle now!! .,2573,#rareplanet #shopatrareplanet #India#indiangood #kolkata  #calcutta#handpainted  #homedecor #gifts#terracotta #kettles #product #likesforfollow #like4like #instalike#like4likeback #likes4tags,2 hours,119
3,8,flornasweets,Its a unicorn kind of day ğŸ’–.,181,#cookie #cookier #baking #icing #flooding#creativeprocess #treats #sweet #sets#product #cute #yummy #flornasweets#bakery #smallbusiness #colourful #bbq,2 hours,11
4,9,lpsahil,Dude...That's Huge! A Super Massive Lathe!,631,#exklusive_shot #trb_autozone#carsofinstagram #automotivegramm#carstagram #ptk_vehicles #classiccars#automotivedaily #visualoflife #product#moderndesign #concept #designing#designs #interiorarchitecture #designers#prototype #instadesign #designporn#innovation #incredibleindia#photographers_of_india #indiagram#storiesofindia  #indiaclicks #androidography#androidnesia #abstract #industry,2 hours,55
5,10,vaultcolombia,Nike Air 270. Pocas unidades disponibles. InformaciÃ³n DMğŸ“¥,246,#gear #mensfashion #womenfashion #lids#product #newfamily #import #export#borondo #power #powerlifting #snapback#luxury #holiday #custom #crossfit #bogota#bogotagym #bogotacolombia #bogotadc#starkgym #fitlife #candy #sponsor#followforfollow #follow4follow,2 hours,12
6,11,anandvanjape,,460,#Designer #style #artist#brand #logo #monogram #corporate#identity #lifestyle #pure #luxury #product#posh #london #paris #milan #newyork#dubai #sydney #melbourne #mumbai#dublin #dubai #cosmetics #fashion #art#artdirector #creativity #creative #colour#abstract,2 hours,29
7,12,mrproductionmiami,â€œThe picture that you took with your camera is the imagination you want to create with reality.â€ğŸ‘ ğŸ’¥Good weekend to everyone ğŸ˜€,140,#roamtheplanet #travelphotography#visualoflife #beachlife #dametraveler#artofvisuals #islandhopping#flashesofdelight #thecreative #product#moderndesign #concept #designing#designs #interiorarchitecture #designers#prototype #instadesign #designporn#innovation #igersmiami #miaexplore#miamiphotographer #ig_miami#roamflorida #lifestyle_miami #panasonic#lumix #panasoniclumix #gh5,2 hours,28
8,13,ah_studio_,Hatsu Veggie Milk ğŸ¯ Ref 02. Piece O1 - 03,888,#hatsu #hatsulovers #design #artdirection#setdesign #fun #colors #veggie #milk#alejandroherrada #cinema4d#hatsuveggiemilk #product #graphicdesign#3d #box #diseÃ±ocolombiano #cgi #fun#colors #veggie #milk,2 hours,43
9,17,illumensfragrance,"simple elegance from @mumzynotjess featuring Illumens â€˜Poire 1796â€™ diffuser. We love seeing our products in your beautiful homes, thank you Jess",845,#repost #interiors#white #elegant #simple #minimal#poire1796 #scentyourhome#illumensfragrance #loveillumens#whiteblog #product #whiteinteriors #home,2 hours,31
10,18,applewantnews,"Apple is looking beyond just TV with a push for animated feature film. Based on appleinsider (ai), the company is in negotiations with Oscar-nominated Irish studio, Cartoon Saloon, known for movie like 'The Secret of Kells' and more. Apple intents to handle distributions and preparing to launch high-budget TV slate sometimes in 2019, as soon as March.",91,#tvOS #Apple #AppleNews #AppleDesign#WWDC #WWDC18 #WWDC2018#applewatch #iphone #tv #2018 #ios12#interesting #concepts #iphonese#iphonese2 #product #notconfirmed#budget #unknown #cartoon #high#instagram,3 hours,14
11,22,pazrahn,The Peter McKinnon - Created this ridiculous mini cinema rig from left over camera gear. The inspiration came from YouTubers like Peter McKinnon so I named this rig after him. Perfect for filming coffee to making sweet low walking shots and epic selfie videos.,361,#pmbrollchallenge #Canon#Atomos #Panasonic #Movo #MovoVXR10#Sony #CanonLegriaMiniX #LegriaMiniX#Cine #Luts #Canada #SmallRig #product#moderndesign #concept #designing#designs #interiorarchitecture#magnumphotos #streetlife #documentary#exploreaustralia #australiagram#ilovesydney #canonphotos #canoneos,3 hours,33
12,23,monde_informatique,,2455,monde_informatique#client #project#product #projectmanager,3 hours,24
13,24,eric_pond_designs,256/365 - Ski Goggles,361,#sketchaday #sketching #sketchbook#sketch #drawing #art #illustration #marker#rendering #touch #photography#photooftheday #picture #picoftheday#instagood #instasketch #like #love #follow#industrialdesign #productdesign #product#design #ideation #tools #instilldesign,4 hours,43
0,9,onlyonecoops,"Love coaching these boys! Hard working, dedicated, and willing to learn. Already one of the best teams in Salford.",262,#grassroots #development#kidsplayingfootball #kidslearning#kidshavingfun #manchesterfa #salford#delasalletournament #monton #properclub#doingthingstherightway #montonsports#u6s #newgeneration,2 hours,9
1,10,brad_0611,"Living in Texas is easy, even if your standards are high ğŸ˜ğŸ’â€â™‚ï¸ //",1158,#frisco#dallas #dfw #texas #newconstruction#economy #development #landscaping#design #ivoteyes,2 hours,29
2,12,inmemovement,,1196,#INME #inmemovement#indianeedsmoreentrepreneurs#entrepreneurindia #entrepreneur#entrepreneurlife #entrepreneurship#bigthings #life #startups #business#startup #movement #knowledge#development #india #join,2 hours,16
3,13,the_ios_developer,4K Ai,863,#developer #coding #programmer #javascript #programming #software #php#webdeveloper #computerscience #html #css #webdevelopment #java #coder #html5#webdev #backend #programmers #softwaredeveloper #softwareengineering #python#webdesign #frontend #development #css3 #wordpress #code #webdesigner #js,2 hours,32
4,14,swiatik,"Last week was pretty busy, so I had no chance to report any news ğŸ‘¨ğŸ»â€ğŸ’»ğŸ™ƒ",971,#design #instaphoto #inspiration#premierpro #oreo #videoediting #isetups#aftereffects #color #colorcombination#work #workspace #development#hardwork #dayout #krakow #programming#illustration #photographer #photo #life#likeforlikes #likeforfollow #followme#folow4folow #goodday #goodweek,2 hours,46
5,15,caseyjmcclure,"Picked up this roubo bookstand from my buddy over at @holdfastcreations and it serves its purpose really well. Got a new book to use it for too, which is also pretty good. #theverticaldietfeeds my body, but I still have to feed my mind. Cyber is a beautiful battlefield.",106,#cybersecurity #programmer #development#nerd #mentalfitness,2 hours,12
6,17,benasdzimidas,60% off Lux Light until Monday! Get your copy now @ bit.ly/getluxlight â €â €â €â €,179,#android #design #development#benasdzimidas #graphicdesign #launcher#customisation #material #flat #flatshadow#iconography #ui #ux #graphicdesigner#graphicdesign #photoshop #illustrator#adobe #color #vector #creative #follow#wallpaper #wallpapers #androidwallpaper#photography #minimal #architecture #text#sale,2 hours,20
7,18,praveen_rangasubhe,ğŸ˜‚ğŸ˜‚,49,#html #html5 #webdeveloper#websitedesign #htmlcss #web#development #developer #code#programming,3 hours,24
8,19,michaelgarza__,"328 S. Wetherly Drive, Beverly Hills, CA 90212. This beautiful new construction our team completed in early May 2018 was sold before the framing was even started!! I am kidding, but it sure felt that way!",614,#beverlyhills #realestate#losangelesrealestate #gc&management #standardoil #standardoilrealty#luxuryrealestate #luxurydesign#losangeles #designer #development#homes #interiordesign #hustle#luxurylifestyle,3 hours,31
9,21,dvlp_search,Credit @tristankappel To find more dvlp follow @dvlp_search New workspace ğŸ–¥ğŸ’»âŒ¨ï¸!,450,#workspace #work #developer#development #developerlife #apple #imac#macbook #macbookpro #blackandwhite#coder #code #coding #html #css #php#wordpress #javascript #dvlp_search #linux#ubuntu #webdeveloper #webdev#webdevelopment #dev #coder #coding#code,3 hours,42
10,22,ecom.space,"We are coming up with the Best 21 Books that will change your mind about Life, Money and Your self Campaign this week!!We will post this books with genuine reviews from Amazon.com ! Hope you will enjoy this and try to read this amazing books!! Stay Tuned !! ğŸ˜‰â¤ï¸",182,#books #book #motivation #inspiration #life#booklover #lifebook2018 #love #finance#personality #training #growth#development #musthave #instadaily#trending #sales #happy #knowledge#knowledgeispower #amazon #fiction #scifi#hotsale #art #biography  #autobiography#selfhelp  #offers,3 hours,10
11,24,lb3enterprises,"Weâ€™re only paid to move dirt once. Itâ€™s not just about excavating but placing it too. If fills arenâ€™t properly planned for and executed, it can lead to moving material a second time which you donâ€™t get paid for. Thatâ€™s where good managers and operators who envision the final product are key. Weâ€™re hiring operators and grade checkers - send us an email at jobs@lb3enterprises.com to apply!",2039,#heavyequipment #underconstruction#dozer #realestate #bluecollar #D10#ibuildamerica #earthmover #caterpillar#demolition #mining #dumptruck #builtforit#truck #trucks #underconstruction#engineering #ironworker #construction#developer #dirt #constructionworker#safety #madeinamerica #excavator#civilengineering #quarry #Americanmade#development #operator,3 hours,222
12,25,palmariusdev,ObtÃ©n tu tienda en lÃ­nea ahora.,741,#marketing #programming#development #desarrollo #webdesign#diseÃ±oweb #frontend #backend #apps#app #mobileapps #aplicaciones #espaÃ±a#panama  #argentina #chile #uruguay#digitalmarketing #socialmedia#ecommerce #tiendaonline #design#startup #emprender #website #paginaweb#followme #work #business #empresa,3 hours,109